date,time,psa
04/01/2016,15:17,Autism Awareness
04/01/2016,15:42,Pre-Diabetes
04/01/2016,16:20,Fatherhood: Kids On Dads
04/01/2016,17:08,Sexual Assault Prevention
04/01/2016,17:34,Recycling
04/01/2016,17:53,Stroke Awareness: Party 60
04/01/2016,19:05,Recycling
04/01/2016,19:33,Hunger Prevention: So Much Food
04/01/2016,20:05,Fatherhood: Kids On Dads
04/01/2016,20:31,Texting And Driving
04/01/2016,21:29,Pre-Diabetes
04/01/2016,21:55,Stroke Awareness: Party 60
04/01/2016,22:14,Texting And Driving
04/01/2016,22:43,Fatherhood: Kids On Dads
04/01/2016,23:19,Fatherhood: Kids On Dads
04/01/2016,23:43,Hunger Prevention: So Much Food
04/02/2016,20:53,Fatherhood: Kids On Dads
04/02/2016,20:54,Underage Drinking Pool Party
04/02/2016,22:01,Texting And Driving
04/02/2016,22:01,Autism Awareness
04/03/2016,12:33,Underage Drinking Pool Party
04/03/2016,13:00,Autism Awareness
04/03/2016,13:32,Pre-Diabetes
04/03/2016,14:00,Stroke Awareness: Party 60
04/03/2016,14:47,Recycling
04/03/2016,15:53,Underage Drinking Pool Party
04/03/2016,16:03,Recycling
04/03/2016,16:17,Sexual Assault Prevention
04/03/2016,16:33,Fatherhood: Kids On Dads
04/03/2016,16:34,Fatherhood: Kids On Dads
04/03/2016,17:30,Stroke Awareness: Party 60
04/03/2016,17:45,Hunger Prevention: So Much Food
04/03/2016,18:53,Recycling
04/03/2016,19:18,Fatherhood: Kids On Dads
04/03/2016,19:37,Texting And Driving
04/03/2016,20:20,Sexual Assault Prevention
04/03/2016,20:41,Stroke Awareness: Party 60
04/03/2016,20:52,Hunger Prevention: So Much Food
04/04/2016,07:06,Underage Drinking Pool Party
04/04/2016,07:30,Fatherhood: Kids On Dads
04/04/2016,07:48,Sexual Assault Prevention
04/04/2016,12:25,Underage Drinking Pool Party
04/04/2016,12:46,Hunger Prevention: So Much Food
04/04/2016,13:19,Pre-Diabetes
04/04/2016,13:40,Fatherhood: Kids On Dads
04/04/2016,14:20,Fatherhood: Kids On Dads
04/04/2016,14:21,Fatherhood: Kids On Dads
04/04/2016,14:39,Domestic Violence Prevention
04/04/2016,14:40,Autism Awareness
04/04/2016,15:57,Autism Awareness
04/04/2016,15:59,Texting And Driving
04/04/2016,20:53,Texting And Driving
04/04/2016,20:53,Hunger Prevention: So Much Food
04/05/2016,12:30,Underage Drinking Pool Party
04/05/2016,13:01,Texting And Driving
04/05/2016,13:31,Fatherhood: Kids On Dads
04/05/2016,13:31,Domestic Violence Prevention
04/05/2016,17:10,Hunger Prevention: So Much Food
04/05/2016,17:31,Pre-Diabetes
04/05/2016,18:36,Underage Drinking Pool Party
04/05/2016,19:00,Fatherhood: Kids On Dads
04/05/2016,19:32,Pre-Diabetes
04/05/2016,19:58,Hunger Prevention: So Much Food
04/05/2016,20:31,Recycling
04/06/2016,12:25,Pre-Diabetes
04/06/2016,13:32,Hunger Prevention: So Much Food
04/06/2016,13:55,Recycling
04/06/2016,15:02,Recycling
04/06/2016,15:29,Domestic Violence Prevention
04/06/2016,16:01,Autism Awareness
04/06/2016,16:31,Fatherhood: Kids On Dads
04/06/2016,17:01,Pre-Diabetes
04/06/2016,17:30,Recycling
04/06/2016,18:03,Texting And Driving
04/06/2016,18:43,Fatherhood: Kids On Dads
04/06/2016,19:06,Stroke Awareness: Party 60
04/06/2016,19:40,Sexual Assault Prevention
04/06/2016,20:06,Underage Drinking Pool Party
04/06/2016,20:27,Hunger Prevention: So Much Food
04/07/2016,09:09,Fatherhood: Kids On Dads
04/07/2016,09:34,Sexual Assault Prevention
04/07/2016,10:01,Stroke Awareness: Party 60
04/07/2016,10:30,Texting And Driving
04/07/2016,11:03,Pre-Diabetes
04/07/2016,11:37,Underage Drinking Pool Party
04/07/2016,18:18,Autism Awareness
04/07/2016,18:46,Recycling
04/07/2016,19:27,Sexual Assault Prevention
04/07/2016,19:52,Texting And Driving
04/07/2016,20:31,Texting And Driving
04/08/2016,15:26,Underage Drinking Pool Party
04/08/2016,15:48,Sexual Assault Prevention
04/08/2016,16:10,Autism Awareness
04/08/2016,17:15,Stroke Awareness: Party 60
04/08/2016,17:54,Recycling
04/08/2016,21:38,Pre-Diabetes
04/08/2016,21:38,Texting And Driving
04/08/2016,22:33,Recycling
04/08/2016,22:44,Texting And Driving
04/08/2016,23:14,Stroke Awareness: Party 60
04/08/2016,23:34,Fatherhood: Kids On Dads
04/09/2016,18:32,Fatherhood: Kids On Dads
04/09/2016,18:58,Pre-Diabetes
04/09/2016,20:55,Domestic Violence Prevention
04/09/2016,20:55,Texting And Driving
04/09/2016,22:09,Recycling
04/09/2016,22:10,Underage Drinking Pool Party
04/10/2016,12:15,Underage Drinking Pool Party
04/10/2016,13:00,Pre-Diabetes
04/10/2016,13:37,Autism Awareness
04/10/2016,14:01,Stroke Awareness: Party 60
04/10/2016,14:43,Recycling
04/10/2016,15:43,Pre-Diabetes
04/10/2016,16:00,Underage Drinking Pool Party
04/10/2016,16:30,Stroke Awareness: Party 60
04/10/2016,16:50,Texting And Driving
04/10/2016,17:37,Fatherhood: Kids On Dads
04/10/2016,17:37,Hunger Prevention: So Much Food
04/11/2016,12:22,Autism Awareness
04/11/2016,12:40,Domestic Violence Prevention
04/11/2016,13:21,Pre-Diabetes
04/11/2016,13:39,Texting And Driving
04/11/2016,14:18,Underage Drinking Pool Party
04/11/2016,14:39,Fatherhood: Kids On Dads
04/11/2016,18:46,Fatherhood: Kids On Dads
04/11/2016,18:53,Fatherhood: Kids On Dads
04/11/2016,21:33,Autism Awareness
04/11/2016,22:03,Hunger Prevention: So Much Food
04/11/2016,22:34,Pre-Diabetes
04/11/2016,23:02,Recycling
04/11/2016,23:32,Fatherhood: Kids On Dads
04/12/2016,12:32,Sexual Assault Prevention
04/12/2016,13:01,Texting And Driving
04/12/2016,13:30,Domestic Violence Prevention
04/12/2016,18:31,Fatherhood: Kids On Dads
04/12/2016,18:55,Pre-Diabetes
04/12/2016,19:26,Recycling
04/12/2016,19:57,Hunger Prevention: So Much Food
04/12/2016,20:33,Underage Drinking Pool Party
04/12/2016,21:45,Underage Drinking Pool Party
04/12/2016,22:01,Pre-Diabetes
04/12/2016,22:35,Pre-Diabetes
04/12/2016,23:03,Recycling
04/12/2016,23:43,Texting And Driving
04/13/2016,12:28,Texting And Driving
04/13/2016,12:29,Sexual Assault Prevention
04/13/2016,12:47,Sexual Assault Prevention
04/13/2016,12:47,Fatherhood: Kids On Dads
04/13/2016,13:21,Pre-Diabetes
04/13/2016,13:47,Underage Drinking Pool Party
04/13/2016,14:06,Autism Awareness
04/13/2016,14:25,Texting And Driving
04/13/2016,14:46,Hunger Prevention: So Much Food
04/13/2016,19:37,Stroke Awareness: Party 60
04/13/2016,19:56,Underage Drinking Pool Party
04/14/2016,14:10,Domestic Violence Prevention
04/14/2016,15:34,Recycling
04/14/2016,16:37,Hunger Prevention: So Much Food
04/14/2016,17:37,Underage Drinking Pool Party
04/15/2016,18:29,Underage Drinking Pool Party
04/15/2016,19:02,Pre-Diabetes
04/15/2016,19:32,Underage Drinking Pool Party
04/15/2016,20:02,Stroke Awareness: Party 60
04/15/2016,20:34,Recycling
04/15/2016,21:23,Texting And Driving
04/15/2016,21:38,Recycling
04/15/2016,22:24,Underage Drinking Pool Party
04/15/2016,22:46,Pre-Diabetes
04/15/2016,23:25,Fatherhood: Kids On Dads
04/15/2016,23:39,Domestic Violence Prevention
04/16/2016,21:22,Sexual Assault Prevention
04/16/2016,21:22,Texting And Driving
04/16/2016,22:04,Domestic Violence Prevention
04/16/2016,22:05,Hunger Prevention: So Much Food
04/17/2016,12:31,Domestic Violence Prevention
04/17/2016,13:00,Autism Awareness
04/17/2016,13:41,Sexual Assault Prevention
04/17/2016,14:00,Texting And Driving
04/17/2016,14:52,Recycling
04/17/2016,15:12,Recycling
04/17/2016,15:42,Texting And Driving
04/17/2016,16:11,Sexual Assault Prevention
04/17/2016,16:13,Fatherhood: Kids On Dads
04/17/2016,17:13,Underage Drinking Pool Party
04/17/2016,17:13,Hunger Prevention: So Much Food
04/17/2016,19:07,Hunger Prevention: So Much Food
04/17/2016,19:14,Underage Drinking Pool Party
04/17/2016,19:36,Recycling
04/17/2016,19:48,Texting And Driving
04/17/2016,20:03,Fatherhood: Kids On Dads
04/17/2016,20:19,Hunger Prevention: So Much Food
04/18/2016,12:20,Autism Awareness
04/18/2016,12:40,Texting And Driving
04/18/2016,13:21,Fatherhood: Kids On Dads
04/18/2016,13:41,Stroke Awareness: Party 60
04/18/2016,14:22,Underage Drinking Pool Party
04/18/2016,14:40,Sexual Assault Prevention
04/18/2016,15:24,Underage Drinking Pool Party
04/18/2016,15:41,Texting And Driving
04/18/2016,16:14,Texting And Driving
04/18/2016,16:40,Sexual Assault Prevention
04/18/2016,17:07,Hunger Prevention: So Much Food
04/18/2016,17:36,Fatherhood: Kids On Dads
04/18/2016,18:31,Fatherhood: Kids On Dads
04/18/2016,18:31,Texting And Driving
04/18/2016,19:54,Recycling
04/18/2016,19:54,Pre-Diabetes
04/18/2016,21:02,Underage Drinking Pool Party
04/18/2016,21:31,Fatherhood: Kids On Dads
04/18/2016,22:03,Texting And Driving
04/18/2016,22:33,Hunger Prevention: So Much Food
04/18/2016,23:00,Domestic Violence Prevention
04/18/2016,23:30,Autism Awareness
04/19/2016,12:33,Domestic Violence Prevention
04/19/2016,13:02,Autism Awareness
04/19/2016,13:32,Underage Drinking Pool Party
04/19/2016,20:34,Domestic Violence Prevention
04/19/2016,21:08,Fatherhood: Kids On Dads
04/19/2016,22:09,Underage Drinking Pool Party
04/20/2016,14:11,Recycling
04/20/2016,14:31,Hunger Prevention: So Much Food
04/20/2016,14:58,Pre-Diabetes
04/20/2016,15:35,Stroke Awareness: Party 60
04/20/2016,16:01,Sexual Assault Prevention
04/20/2016,16:31,Underage Drinking Pool Party
04/20/2016,17:00,Autism Awareness
04/20/2016,17:31,Fatherhood: Kids On Dads
04/20/2016,18:00,Domestic Violence Prevention
04/20/2016,18:31,Autism Awareness
04/20/2016,19:00,Sexual Assault Prevention
04/20/2016,19:25,Recycling
04/20/2016,20:00,Autism Awareness
04/20/2016,20:32,Underage Drinking Pool Party
04/21/2016,12:34,Hunger Prevention: So Much Food
04/21/2016,13:21,Underage Drinking Pool Party
04/21/2016,14:29,Stroke Awareness: Party 60
04/21/2016,16:49,Sexual Assault Prevention
04/21/2016,17:34,Autism Awareness
04/21/2016,18:28,Autism Awareness
04/21/2016,18:53,Texting And Driving
04/21/2016,19:22,Sexual Assault Prevention
04/21/2016,19:41,Fatherhood: Kids On Dads
04/21/2016,20:46,Stroke Awareness: Party 60
04/22/2016,15:03,Hunger Prevention: So Much Food
04/22/2016,15:43,Fatherhood: Kids On Dads
04/22/2016,16:15,Texting And Driving
04/22/2016,21:24,Pre-Diabetes
04/22/2016,21:50,Stroke Awareness: Party 60
04/22/2016,22:35,Recycling
04/22/2016,22:52,Domestic Violence Prevention
04/22/2016,23:13,Underage Drinking Pool Party
04/22/2016,23:34,Fatherhood: Kids On Dads
04/23/2016,18:00,Sexual Assault Prevention
04/23/2016,18:33,Fatherhood: Kids On Dads
04/23/2016,19:29,Pre-Diabetes
04/23/2016,21:07,Texting And Driving
04/23/2016,21:08,Domestic Violence Prevention
04/23/2016,22:23,Hunger Prevention: So Much Food
04/23/2016,22:24,Autism Awareness
04/24/2016,12:34,Domestic Violence Prevention
04/24/2016,12:59,Hunger Prevention: So Much Food
04/24/2016,13:31,Underage Drinking Pool Party
04/24/2016,14:01,Pre-Diabetes
04/24/2016,14:17,Stroke Awareness: Party 60
04/24/2016,14:47,Autism Awareness
04/24/2016,15:55,Hunger Prevention: So Much Food
04/24/2016,15:56,Underage Drinking Pool Party
04/24/2016,16:34,Recycling
04/24/2016,16:34,Domestic Violence Prevention
04/24/2016,17:16,Sexual Assault Prevention
04/24/2016,17:39,Texting And Driving
04/24/2016,18:28,Hunger Prevention: So Much Food
04/24/2016,18:56,Hunger Prevention: So Much Food
04/24/2016,19:24,Hunger Prevention: So Much Food
04/24/2016,19:42,Hunger Prevention: So Much Food
04/24/2016,19:57,Hunger Prevention: So Much Food
04/24/2016,20:12,Hunger Prevention: So Much Food
04/24/2016,20:41,Hunger Prevention: So Much Food
04/25/2016,12:20,Hunger Prevention: So Much Food
04/25/2016,12:39,Recycling
04/25/2016,13:20,Sexual Assault Prevention
04/25/2016,13:38,Texting And Driving
04/25/2016,14:19,Underage Drinking Pool Party
04/25/2016,14:38,Fatherhood: Kids On Dads
04/25/2016,20:21,Fatherhood: Kids On Dads
04/25/2016,20:21,Domestic Violence Prevention
04/25/2016,21:33,Stroke Awareness: Party 60
04/25/2016,21:58,Recycling
04/25/2016,22:32,Fatherhood: Kids On Dads
04/25/2016,23:03,Hunger Prevention: So Much Food
04/25/2016,23:31,Sexual Assault Prevention
04/26/2016,12:31,Hunger Prevention: So Much Food
04/26/2016,13:01,Texting And Driving
04/26/2016,13:31,Domestic Violence Prevention
04/26/2016,18:24,Pre-Diabetes
04/26/2016,18:34,Autism Awareness
04/26/2016,19:12,Fatherhood: Kids On Dads
04/26/2016,20:32,Recycling
04/27/2016,12:50,Domestic Violence Prevention
04/27/2016,13:13,Stroke Awareness: Party 60
04/27/2016,13:15,Stroke Awareness: Party 60
04/27/2016,13:35,Stroke Awareness: Party 60
04/27/2016,13:44,Stroke Awareness: Party 60
04/27/2016,13:58,Recycling
04/27/2016,14:26,Hunger Prevention: So Much Food
04/27/2016,15:02,Hunger Prevention: So Much Food
04/27/2016,15:36,Autism Awareness
04/27/2016,16:05,Texting And Driving
04/27/2016,16:29,Underage Drinking Pool Party
04/27/2016,17:30,Pre-Diabetes
04/27/2016,17:59,Hunger Prevention: So Much Food
04/27/2016,21:51,Stroke Awareness: Party 60
04/28/2016,09:02,Autism Awareness
04/28/2016,09:29,Recycling
04/28/2016,09:58,Pre-Diabetes
04/28/2016,10:32,Hunger Prevention: So Much Food
04/28/2016,11:01,Sexual Assault Prevention
04/28/2016,11:28,Underage Drinking Pool Party
04/28/2016,12:37,Hunger Prevention: So Much Food
04/28/2016,13:33,Recycling
04/28/2016,14:59,Texting And Driving
04/28/2016,15:34,Underage Drinking Pool Party
04/28/2016,16:34,Recycling
04/28/2016,17:31,Sexual Assault Prevention
04/30/2016,18:36,Hunger Prevention: So Much Food
04/30/2016,19:38,Pre-Diabetes
