date,time,psa
03/01/2016,12:30,Child Hunger
03/01/2016,12:59,Buzzed Driving
03/01/2016,13:29,Bullying
03/01/2016,17:16,Bullying
03/01/2016,17:16,Bullying
03/01/2016,17:46,Best of Show
03/01/2016,22:33,Funky Chicken ESP
03/01/2016,22:33,Chance
03/01/2016,22:34,Be Vocal
03/02/2016,12:20,Stuntman
03/02/2016,12:22,Commune
03/02/2016,12:30,Commune
03/02/2016,13:01,Best of Show
03/02/2016,13:23,Best of Show
03/02/2016,13:48,Best of Show
03/02/2016,14:22,1 in 5 Kids
03/02/2016,14:39,Stuntman
03/02/2016,16:36,1 in 5 Kids
03/02/2016,16:49,Chance
03/02/2016,17:04,Chance
03/02/2016,17:16,Chance
03/02/2016,17:37,Chance
03/02/2016,17:58,1 in 5 Kids
03/02/2016,18:30,Buzzed Driving
03/02/2016,19:34,Funky Chicken ESP
03/02/2016,20:01,Commune
03/02/2016,20:23,Funky Chicken ESP
03/03/2016,09:06,Child Hunger
03/03/2016,09:31,Adopt
03/03/2016,09:59,Buzzed Driving
03/03/2016,10:26,Bullying
03/03/2016,10:56,Adopt
03/03/2016,15:59,Funky Chicken ESP
03/03/2016,16:42,Chance
03/03/2016,19:46,Child Hunger
03/04/2016,12:26,Chance
03/04/2016,13:35,Be Vocal
03/04/2016,21:31,Bullying
03/04/2016,21:44,Child Hunger
03/04/2016,22:48,Adopt
03/04/2016,22:52,Buzzed Driving
03/04/2016,23:22,Bullying
03/10/2016,09:04,Adopt
03/10/2016,09:32,Bullying
03/10/2016,10:00,Buzzed Driving
03/10/2016,10:31,Adopt
03/10/2016,11:00,Child Hunger
03/10/2016,11:29,Buzzed Driving
03/13/2016,16:01,1 in 5 Kids
03/13/2016,16:25,Adopt
03/13/2016,17:15,Chance
03/13/2016,17:33,Stuntman
03/14/2016,12:21,1 in 5 Kids
03/14/2016,12:40,Best of Show
03/14/2016,13:21,Stuntman
03/14/2016,13:40,Best of Show
03/14/2016,14:00,1 in 5 Kids
03/14/2016,14:24,Commune
03/14/2016,14:44,1 in 5 Kids
03/14/2016,21:30,Chance
03/15/2016,12:28,Be Vocal
03/15/2016,13:01,Chance
03/15/2016,13:29,Funky Chicken ESP
03/16/2016,15:31,Bullying
03/16/2016,15:59,1 in 5 Kids
03/16/2016,16:28,Buzzed Driving
03/16/2016,17:00,Bullying
03/16/2016,17:34,Adopt
03/16/2016,18:31,Best of Show
03/16/2016,19:00,Best of Show
03/16/2016,19:32,Adopt
03/16/2016,20:01,Bullying
03/16/2016,20:31,Adopt
03/17/2016,09:10,Adopt
03/17/2016,09:29,Bullying
03/17/2016,10:02,Buzzed Driving
03/17/2016,10:28,Child Hunger
03/17/2016,11:01,Adopt
03/17/2016,11:29,Bullying
03/17/2016,15:30,Adopt
03/17/2016,16:39,Bullying
03/17/2016,17:26,Buzzed Driving
03/20/2016,16:00,Bullying
03/20/2016,16:45,Child Hunger
03/20/2016,17:39,Adopt
03/20/2016,18:40,Bullying
03/20/2016,18:58,Adopt
03/20/2016,19:38,Child Hunger
03/20/2016,20:35,Buzzed Driving
03/21/2016,12:18,Buzzed Driving
03/21/2016,12:42,Bullying
03/21/2016,13:21,Adopt
03/21/2016,13:44,Child Hunger
03/21/2016,14:22,Buzzed Driving
03/21/2016,14:42,Bullying
03/21/2016,16:21,Chance
03/21/2016,18:20,Chance
03/21/2016,18:20,Be Vocal
03/21/2016,21:34,Bullying
03/21/2016,21:58,Adopt
03/21/2016,22:37,Child Hunger
03/21/2016,23:05,Buzzed Driving
03/21/2016,23:36,Chance
03/22/2016,12:31,Be Vocal
03/22/2016,13:03,Chance
03/22/2016,13:32,Funky Chicken ESP
03/23/2016,14:59,Bullying
03/23/2016,16:00,Best of Show
03/23/2016,16:28,Be Vocal
03/23/2016,17:00,Buzzed Driving
03/23/2016,17:29,Chance
03/24/2016,09:05,Adopt
03/24/2016,09:27,Bullying
03/24/2016,09:58,Child Hunger
03/24/2016,10:03,Child Hunger
03/24/2016,10:34,Adopt
03/24/2016,10:55,Buzzed Driving
03/24/2016,11:19,Child Hunger
03/24/2016,18:22,Best of Show
03/24/2016,19:38,Best of Show
03/24/2016,20:22,Best of Show
03/26/2016,21:00,Best of Show
03/26/2016,21:01,1 in 5 Kids
03/27/2016,12:35,Adopt
03/27/2016,12:58,Buzzed Driving
03/27/2016,13:38,Bullying
03/27/2016,14:02,1 in 5 Kids
03/27/2016,14:50,Buzzed Driving
03/27/2016,15:30,Child Hunger
03/27/2016,15:59,Buzzed Driving
03/27/2016,17:01,Bullying
03/27/2016,17:15,Be Vocal
03/27/2016,18:29,1 in 5 Kids
03/27/2016,19:11,Adopt
03/27/2016,19:15,Bullying
03/27/2016,20:07,Buzzed Driving
03/27/2016,20:32,Child Hunger
03/27/2016,20:50,Child Hunger
03/28/2016,07:10,1 in 5 Kids
03/28/2016,07:28,Best of Show
03/28/2016,12:44,Bullying
03/28/2016,13:22,Buzzed Driving
03/28/2016,13:43,1 in 5 Kids
03/28/2016,14:21,Child Hunger
03/28/2016,14:41,Best of Show
03/28/2016,21:07,Child Hunger
03/28/2016,21:31,Chance
03/28/2016,22:03,Bullying
03/28/2016,22:32,Buzzed Driving
03/28/2016,23:01,Adopt
03/29/2016,16:34,1 in 5 Kids
03/29/2016,17:03,Best of Show
03/29/2016,18:31,Best of Show
03/29/2016,19:03,1 in 5 Kids
03/29/2016,19:29,1 in 5 Kids
03/29/2016,20:01,Stuntman
03/29/2016,20:29,Commune
03/30/2016,12:28,Be Vocal
03/30/2016,12:28,Be Vocal
03/30/2016,12:28,Be Vocal
03/30/2016,12:28,Be Vocal
03/30/2016,12:52,Be Vocal
03/30/2016,12:53,1 in 5 Kids
03/30/2016,12:58,1 in 5 Kids
03/30/2016,12:58,Be Vocal
03/30/2016,13:08,Be Vocal
03/30/2016,13:25,Stuntman
03/30/2016,13:30,Stuntman
03/30/2016,13:48,Stuntman
03/30/2016,13:49,Best of Show
03/30/2016,14:45,Best of Show
03/30/2016,15:34,Best of Show
03/30/2016,15:59,Best of Show
03/30/2016,16:30,1 in 5 Kids
03/30/2016,17:00,Funky Chicken ESP
03/30/2016,17:34,Buzzed Driving
03/30/2016,18:00,Bullying
03/30/2016,18:58,Funky Chicken ESP
03/30/2016,19:30,1 in 5 Kids
03/31/2016,09:04,Adopt
03/31/2016,09:35,Child Hunger
03/31/2016,09:57,Bullying
03/31/2016,10:35,Buzzed Driving
03/31/2016,11:05,Adopt
03/31/2016,11:26,Child Hunger
03/31/2016,14:25,Child Hunger
03/31/2016,18:22,Autism Awareness
03/31/2016,19:23,Stroke Awareness: Party 60
03/31/2016,19:52,Stroke Awareness: Party 60
03/31/2016,20:10,Hunger Prevention: So Much Food
03/31/2016,20:37,Fatherhood: Kids On Dads
