date,time,psa
05/01/2016,12:39,Underage Drinking Pool Party
05/01/2016,13:00,Hunger Prevention: So Much Food
05/01/2016,13:22,Pre-Diabetes
05/01/2016,14:02,Stroke Awareness: Party 60
05/01/2016,14:55,Autism Awareness
05/01/2016,15:32,Stroke Awareness: Party 60
05/01/2016,15:33,Recycling
05/01/2016,16:32,Texting And Driving
05/01/2016,16:34,Sexual Assault Prevention
05/01/2016,17:29,Domestic Violence Prevention
05/01/2016,17:29,Underage Drinking Pool Party
05/02/2016,12:22,Domestic Violence Prevention
05/02/2016,12:39,Sexual Assault Prevention
05/02/2016,13:21,Autism Awareness
05/02/2016,13:43,Underage Drinking Pool Party
05/02/2016,14:20,Texting And Driving
05/02/2016,14:38,Fatherhood: Kids On Dads
05/02/2016,21:03,Underage Drinking Pool Party
05/02/2016,21:31,Pre-Diabetes
05/02/2016,22:01,Autism Awareness
05/02/2016,22:30,Domestic Violence Prevention
05/02/2016,22:58,Sexual Assault Prevention
05/02/2016,23:30,Recycling
05/03/2016,18:58,Recycling
05/03/2016,19:32,Autism Awareness
05/03/2016,19:58,Pre-Diabetes
05/03/2016,20:30,Underage Drinking Pool Party
05/04/2016,16:00,Texting And Driving
05/04/2016,21:34,Hunger Prevention: So Much Food
05/04/2016,22:16,Fatherhood: Kids On Dads
05/04/2016,23:35,Underage Drinking Pool Party
05/04/2016,23:49,Sexual Assault Prevention
05/05/2016,09:01,Autism Awareness
05/05/2016,09:32,Domestic Violence Prevention
05/05/2016,10:00,Hunger Prevention: So Much Food
05/05/2016,10:30,Recycling
05/05/2016,11:01,Underage Drinking Pool Party
05/05/2016,11:30,Underage Drinking Pool Party
05/05/2016,12:46,Sexual Assault Prevention
05/05/2016,13:39,Texting And Driving
05/05/2016,14:26,Fatherhood: Kids On Dads
05/05/2016,15:31,Sexual Assault Prevention
05/05/2016,16:52,Pre-Diabetes
05/05/2016,18:24,Recycling
05/05/2016,18:51,Autism Awareness
05/05/2016,19:23,Stroke Awareness: Party 60
05/05/2016,19:45,Sexual Assault Prevention
05/05/2016,20:26,Underage Drinking Pool Party
05/06/2016,18:34,Pre-Diabetes
05/08/2016,15:29,Hunger Prevention: So Much Food
05/08/2016,15:30,Underage Drinking Pool Party
05/08/2016,17:03,Hunger Prevention: So Much Food
05/08/2016,17:04,Pre-Diabetes
05/08/2016,18:38,Hunger Prevention: So Much Food
05/08/2016,19:05,Hunger Prevention: So Much Food
05/08/2016,19:44,Hunger Prevention: So Much Food
05/08/2016,20:19,Hunger Prevention: So Much Food
05/08/2016,20:37,Hunger Prevention: So Much Food
05/09/2016,12:20,Domestic Violence Prevention
05/09/2016,12:44,Hunger Prevention: So Much Food
05/09/2016,13:20,Texting And Driving
05/09/2016,13:40,Pre-Diabetes
05/09/2016,14:20,Stroke Awareness: Party 60
05/09/2016,14:41,Autism Awareness
05/09/2016,19:40,Fatherhood: Kids On Dads
05/09/2016,19:40,Autism Awareness
05/09/2016,21:30,Texting And Driving
05/09/2016,22:05,Stroke Awareness: Party 60
05/09/2016,22:32,Autism Awareness
05/09/2016,22:59,Hunger Prevention: So Much Food
05/09/2016,23:32,Texting And Driving
05/10/2016,18:32,Autism Awareness
05/10/2016,19:34,Fatherhood: Kids On Dads
05/12/2016,09:03,Texting And Driving
05/12/2016,09:25,Recycling
05/12/2016,09:59,Texting And Driving
05/12/2016,10:30,Fatherhood: Kids On Dads
05/12/2016,11:03,Underage Drinking Pool Party
05/12/2016,11:35,Hunger Prevention: So Much Food
05/12/2016,14:07,Hunger Prevention: So Much Food
05/12/2016,15:25,Pre-Diabetes
05/12/2016,16:26,Domestic Violence Prevention
05/12/2016,17:30,Fatherhood: Kids On Dads
05/12/2016,18:26,Sexual Assault Prevention
05/12/2016,18:52,Hunger Prevention: So Much Food
05/12/2016,19:17,Underage Drinking Pool Party
05/12/2016,19:34,Texting And Driving
05/12/2016,20:36,Stroke Awareness: Party 60
05/13/2016,12:58,Fatherhood: Kids On Dads
05/14/2016,18:42,Fatherhood: Kids On Dads
05/14/2016,19:30,Pre-Diabetes
05/15/2016,15:40,Pre-Diabetes
05/15/2016,15:40,Pre-Diabetes
05/15/2016,16:42,Texting And Driving
05/15/2016,16:42,Domestic Violence Prevention
05/15/2016,17:06,Underage Drinking Pool Party
05/15/2016,17:06,Stroke Awareness: Party 60
05/16/2016,12:20,Domestic Violence Prevention
05/16/2016,12:39,Pre-Diabetes
05/16/2016,13:21,Fatherhood: Kids On Dads
05/16/2016,13:43,Hunger Prevention: So Much Food
05/16/2016,14:19,Recycling
05/16/2016,18:38,Underage Drinking Pool Party
05/16/2016,18:38,Autism Awareness
05/16/2016,21:01,Hunger Prevention: So Much Food
05/16/2016,21:31,Pre-Diabetes
05/16/2016,22:01,Fatherhood: Kids On Dads
05/16/2016,22:31,Recycling
05/16/2016,22:59,Recycling
05/16/2016,23:01,Stroke Awareness: Party 60
05/16/2016,23:31,Sexual Assault Prevention
05/17/2016,18:34,Recycling
05/17/2016,19:32,Autism Awareness
05/17/2016,22:18,Stroke Awareness: Party 60
05/17/2016,22:18,Underage Drinking Pool Party
05/19/2016,12:43,Underage Drinking Pool Party
05/19/2016,13:38,Domestic Violence Prevention
05/19/2016,14:28,Stroke Awareness: Party 60
05/19/2016,15:54,Underage Drinking Pool Party
05/19/2016,16:28,Fatherhood: Kids On Dads
05/19/2016,17:39,Hunger Prevention: So Much Food
05/19/2016,18:38,Texting And Driving
05/19/2016,19:05,Pre-Diabetes
05/19/2016,19:44,Autism Awareness
05/19/2016,20:28,Domestic Violence Prevention
05/20/2016,09:57,Underage Drinking Pool Party
05/20/2016,09:57,Fatherhood: Kids On Dads
05/20/2016,11:03,Recycling
05/20/2016,11:03,Pre-Diabetes
05/21/2016,18:32,Hunger Prevention: So Much Food
05/21/2016,19:02,Pre-Diabetes
05/21/2016,19:33,Domestic Violence Prevention
05/22/2016,15:30,Underage Drinking Pool Party
05/22/2016,15:30,Recycling
05/22/2016,16:24,Pre-Diabetes
05/22/2016,16:24,Stroke Awareness: Party 60
05/23/2016,12:20,Hunger Prevention: So Much Food
05/23/2016,12:39,Sexual Assault Prevention
05/23/2016,13:19,Underage Drinking Pool Party
05/23/2016,13:39,Stroke Awareness: Party 60
05/23/2016,14:19,Domestic Violence Prevention
05/23/2016,14:40,Fatherhood: Kids On Dads
05/24/2016,18:31,Autism Awareness
05/24/2016,20:27,Stroke Awareness: Party 60
05/24/2016,21:12,Hunger Prevention: So Much Food
05/24/2016,22:10,Recycling
05/26/2016,09:01,Texting And Driving
05/26/2016,09:30,Underage Drinking Pool Party
05/26/2016,09:59,Recycling
05/26/2016,10:28,Domestic Violence Prevention
05/26/2016,11:00,Hunger Prevention: So Much Food
05/26/2016,11:38,Fatherhood: Kids On Dads
05/26/2016,13:38,Fatherhood: Kids On Dads
05/26/2016,13:39,Fatherhood: Kids On Dads
05/26/2016,14:29,Pre-Diabetes
05/26/2016,14:30,Pre-Diabetes
05/26/2016,14:30,Pre-Diabetes
05/26/2016,14:30,Pre-Diabetes
05/26/2016,14:30,Pre-Diabetes
05/26/2016,15:38,Texting And Driving
05/26/2016,16:28,Sexual Assault Prevention
05/26/2016,17:26,Recycling
05/26/2016,18:33,Sexual Assault Prevention
05/26/2016,19:27,Texting And Driving
05/26/2016,20:21,Pre-Diabetes
05/29/2016,15:56,Hunger Prevention: So Much Food
05/29/2016,15:57,Stroke Awareness: Party 60
05/29/2016,16:36,Underage Drinking Pool Party
05/29/2016,16:37,Sexual Assault Prevention
05/29/2016,18:00,Recycling
05/29/2016,18:00,Domestic Violence Prevention
05/30/2016,19:41,Domestic Violence Prevention
05/30/2016,19:41,Underage Drinking Pool Party
05/31/2016,19:31,Fatherhood: Kids On Dads
05/31/2016,20:30,Recycling
